URL;Codigo_FincaRaiz;Tipo_Inmueble;Estado;Precio_Venta;Administracion;Ubicacion;Estrato;Area_Metros;Area_Construida;Area_Privada;Habitaciones;Banos;Parqueaderos;Antiguedad;Piso_Nro;Cantidad_Pisos;Comodidades;Descripcion;Latitud;Longitud
https://www.fincaraiz.com.co/apartamento-en-venta-en-alcala-bogota/192797721;192797721;Apartamento;Usado;315000000;66000,0;Puente aranda, Bogotá, d.c. | El tejar, Bogotá, d.c.;3;48;;48,0;3;2;;1 a 8 años;5,0;3,0;Baño Auxiliar, Calentador, Cocina Integral, Colegios / Universidades, Duplex, Instalación de gas, Parques cercanos, Supermercados / C.Comerciales, Trans. Público cercano, Zona Comercial, Zona de lavandería, Zona Residencial;Aren In vende exclusivo apartamento dúplex en venta, iluminado, estratégicamente ubicado en un quinto piso, sin ascensor. Situado en una vibrante zona comercial con excelentes vías de acceso y múltiples opciones de transporte, este inmueble representa una oportunidad inmejorable para quienes buscan comodidad y dinamismo urbano. Para mayor información, comunicarse con la asesora Nancy Montengero, a los siguientes números de contacto: ***y ***;4,6030377;-74,1286695
https://www.fincaraiz.com.co/apartamento-en-venta-en-los-cerezos-bogota/192794956;192794956;Apartamento;Usado;290000000;105000,0;Engativá, Bogotá, d.c.;3;63;;;3;2;1,0;1 a 8 años;4,0;1,0;Balcón, Cerca centro comercial, Closet, Cocina Integral, Instalación de gas, Piso en Baldosa /  Mármol, Trans. Público cercano, Vista panorámica, Área Urbana;APARTAMENTO EN VENTA Código Bienco 120212. Se vende Hermoso apartamento de 64 m² cuenta con 3 habitaciones con closet, 2 baños con divisiones de vidrio, Cocina integral a gas, con Balcón, Zona de Ropas, Pisos en porcelanato, parqueadero propio, vista exterior, sin ascensor. Excelente ubicación por la avenida Cali.;4,7079341;-74,0984524
https://www.fincaraiz.com.co/apartamento-en-venta-en-santander-sur-bogota/191431814;191431814;Apartamento;Usado;295000000;375000,0;Antonio nariño, Bogotá, d.c. | Santander sur, Bogotá, d.c.;3;67;67,0;67,0;2;2;;1 a 8 años;1,0;1,0;Ascensor, Barra estilo americano, Baño Auxiliar, Calentador, Canchas Deportivas, Circuito cerrado de TV, Instalación de gas, Parqueadero Visitantes, Parques cercanos, Planta Eléctrica, Portería / Recepción, Salón Comunal;VENTA APARTAMENTO ALTOS 29 CLUB HOUSE. Ubicado en el Barrio Santander Sur, Con Buenas Vias de Acceso (Av. Cra. 30, Av. 1 de mayo, Cra. 27 y Autopista Sur).Cerca a Centro Comercial Centro Mayor, Parque Villa Mayor, Parque Santander, Teatro Villa Mayor, Colegio Nuestra Señora de la Paz, Parroquia Nuestra Señora de La Paz.El Apartamento cuenta con Vista Exterior, Iluminado, Pisos en Madera Laminada, Consta de 3 Habitaciones, 2 Baños, Estudio, Cocina Tipo Americana, Zona de Lavanderia, Sala Comedor, NO TIENE PARQUEADERO.El Conjunto Cuenta con Areas Sociales Como: Zonas Humedas, Gimnasio, Terraza BBQ, Pista para Trotar, Parquedero de Visitantes y Salon Social.  CITA PREVIA.;4,5896296;-74,1143837
https://www.fincaraiz.com.co/apartamento-en-venta-en-el-tintal-bogota/193270784;193270784;Apartamento;Usado;349000000;214944,0;Kennedy, Bogotá, d.c. | Tintala, Bogotá, d.c.;3;61;61,0;61,0;3;2;1,0;1 a 8 años;4,0;12,0;Ascensor, Balcón, Barra estilo americano, Baño Auxiliar, Calentador, Canchas Deportivas, Instalación de gas, Parques cercanos, Piscina, Piso en Baldosa /  Mármol, Portería / Recepción, Salón Comunal;Descubre este elegante apartamento en venta, en el exclusivo Conjunto Residencial aragon de castilla reservado, ubicado en uno de los sectores de mayor desarrollo y valorización del occidente de Bogota , ofrece un diseño moderno y funcional, ideal para quienes buscan calidad de vida en la ciudad, apartamento  de tres habitaciones amplias, 2 baños, cocina equipada y una bonita e iluminada zona social. Este luminoso apartamento destaca por sus acabados de alta calidad, cada detalle ha sido cuidadosamente seleccionado para ofrecer un ambiente de lujo y confort Una excelente inversión y incluyendo parqueadero cubierto.;4,6556576;-74,1547126
https://www.fincaraiz.com.co/apartamento-en-venta-en-la-candelaria-bogota/193284638;193284638;Apartamento;Usado;329000000;310000,0;Santafe, Bogotá, d.c. | Egipto, Bogotá, d.c.;2;50;50,0;45,0;2;2;;1 a 8 años;2,0;1,0;;Se vende apartamento de 50 m² en La Candelaria, completamente amoblado y equipado, ideal tanto para vivienda como para inversión Airbnb. Ubicado en el corazón del centro histórico de Bogotá, cerca de universidades, museos, restaurantes, cafés y transporte público.El apartamento cuenta con 2 habitaciones, 2 baños completos, cocina equipada, lavadora, internet y cámara de seguridad en la entrada. No incluye parqueadero, pero ofrece excelente distribución y luz natural en todos los ambientes.Actualmente, el apartamento está operando como Airbnb con ingreso promedio de USD 930/mes durante los últimos seis meses, demostrando flujo de caja inmediato y rentabilidad comprobable. Se entrega con todos los muebles, electrodomésticos y equipamiento incluidos, listo para seguir operando o para alquiler a largo plazo.Esta propiedad representa una oportunidad única para inversionistas que buscan una vivienda rentable desde el primer día, sin necesidad de remodelar ni amoblar. Además, se encuentra en una zona con alta demanda turística y estudiantil, lo que asegura buena ocupación y estabilidad de ingresos.Precio competitivo frente a otros apartamentos, lo que la convierte en una opción estratégica para quienes buscan rentabilidad inmediata. Se entrega con documentación al día y disponible para visitas mediante cita previa.Características principales:-Área: 50 m²-2 habitaciones-2 baños completos-Sin parqueadero-Totalmente amoblado-Cocina equipada y lavadora-cámara de seguridad-Operación Airbnb comprobable (USD 930/mes promedio últimos 6 meses)Ubicación estratégica:-Corazón de La Candelaria-Cercano a universidades, museos, restaurantes, cafés y transporte público-Alta demanda para alquileres cortos y larga duraciónEsta propiedad es perfecta para inversionistas que buscan retorno inmediato y seguridad, o para quienes desean vivir en el centro histórico de Bogotá con comodidad, seguridad y estilo.Interesados pueden contactarme vía WhatsApp al ***o por correo a anagibethchoconta@gmail.com para más detalles y agendar visita.;4,5930092;-74,0736715
https://www.fincaraiz.com.co/apartamento-en-venta-en-antonio-granados-bogota/192985550;192985550;Apartamento;Usado;329500000;296500,0;Suba, Bogotá, d.c. | Antonio Granados, Bogotá, d.c.;3;72;;67,0;3;2;1,0;1 a 8 años;10,0;1,0;Ascensor, Calentador, Circuito cerrado de TV, Citófono, Colegios / Universidades, Depósito / Bodega, Planta Eléctrica, Portería / Recepción, Salón Comunal, Salón de Juegos, Supermercados / C.Comerciales, Trans. Público cercano;"Venta de excelente apartamento esquinero con muy buena iluminación; 3 alcobas (con espacio para cama doble cada una), 2 baños, cocina integral, sala comedor y espacio para estudio, piso laminado y  puerta de seguridad.  Parqueadero cubierto y depósito enchapado.";4,7385181;-74,0916906
https://www.fincaraiz.com.co/apartamento-en-venta-en-engativa-bogota/192449726;192449726;Apartamento;Usado;330000000;;La granja, Bogotá, d.c.;3;65;;65,0;3;2;1,0;1 a 8 años;5,0;;Balcón, Barra estilo americano, Calentador, Citófono, Instalación de gas, Parques cercanos, Piso en Baldosa /  Mármol, Trans. Público cercano, Zona de lavandería, Zona Residencial;En Venta Acogedor Apartamento, Ubicado en Engativá, Barrio Soledad Norte en Bogotá, 65 M² con excelentes espacios, moderno e iluminado, Inmejorable Localización Cerca de Las Avenidas Ciudad de Cali, Calle 80 y Calle 68, Quinto piso sin ascensor, Comedor y Sala con Balcón, 3 habitaciones la principal con baño, las otras 2 habitaciones comparten un baño completo, estudio, Cocina integral abierta, área de ropas independiente, 1 parqueadero. El Edificio cuenta con Terraza Social, tanque de reserva y CCTV. Precio $330 Millones Negociables;4,6975171;-74,1026667
https://www.fincaraiz.com.co/apartamento-en-venta-en-la-felicidad-bogota/193369112;193369112;Apartamento;Usado;330000000;193000,0;La felicidad, Bogotá, d.c.;3;45;45,0;45,0;2;2;;1 a 8 años;;;;Área 45 mts, 2 habitaciones principal con baño privado y closet, sala comedor,, cocina integral a gas, 2 baños, zona lavandería,, calentador a gas, no tiene deposito ni garaje, edificio cuenta con ascensor, parques, zona juegos, bbq, salón comunal ***;4,6581288;-74,1257836
https://www.fincaraiz.com.co/apartamento-en-venta-en-lijaca-bogota/193298320;193298320;Apartamento;Usado;340000000;413000,0;Usaquen, Bogotá, d.c. | Verbenal san antonio, Bogotá, d.c.;3;67;67,0;;3;2;1,0;1 a 8 años;3,0;1,0;Ascensor, Balcón, Barra estilo americano, Baño Auxiliar, Citófono, Cocina Integral, Depósito / Bodega, Garaje(s), Hall de Alcobas, Instalación de gas, Parques cercanos, Supermercados / C.Comerciales;Descubra este encantador apartamento en el Edificio 189PLUS (Muy importante tener en cuenta que es Torre No Conjunto Cerrado) de 67 m², estratégicamente ubicado en un tercer piso, que ofrece un estilo de vida moderno y conveniente. Este luminoso hogar cuenta con una distribución de  2 baños completos, 3 confortables habitaciones, una espaciosa sala comedor ideal para el entretenimiento, y una cocina integral que invita a la creatividad culinaria. Disfrute de momentos de relajación en su balcón privado. El edificio, completamente sistematizado, garantiza seguridad y eficiencia, y cuenta con ascensor para su comodidad. Además, la propiedad incluye un parqueadero y un práctico depósito en el sótano. Administración al año presente tiene un costo de $413.000 con pronto pago antes del 10 de cada mes, administración plena $474.600.La ubicación es inmejorable, rodeada de prestigiosos centros comerciales como Santa Fe, Multiplaza 183 y Plaza Norte, así como supermercados D1 y ARA para sus compras diarias. La oferta educativa es excepcional, con colegios de renombre como el Colegio Unión Colombia, el Colegio Aquileo Parra (IED) y el Mutis School a pocos minutos. Para la educación superior, también podrá movilizarse fácilmente a  la Universidad de San Buenaventura (Sede Norte), la Universidad de la Salle (Sede Norte) y la Universidad El Bosque (ubicada más al sur por la Av. Carrera 9). La cercanía a hospitales y clínicas garantiza tranquilidad. Disfrute de la naturaleza en los parques cercanos como Parque Andalucía Usaquén, Parque San Antonio Verbenal y Parque El Verbenal. La conectividad es excelente, con la estación de Transmilenio Calle 187 y paradas de SITP a poca distancia, y fácil acceso a importantes vías como la Avenida Carrera 7, Autopista Norte, Avenida Carrera 9 y Calle 183 (Av. San Antonio). Este apartamento es la combinación perfecta de confort, ubicación y accesibilidad.;4,7662823;-74,0304019
https://www.fincaraiz.com.co/apartamento-en-venta-en-san-andresito-bogota/193527450;193527450;Apartamento;Usado;330000000;;Puente aranda, Bogotá, d.c. | San Andresito, Bogotá, d.c.;3;42;42,0;42,0;2;2;;1 a 8 años;14,0;;Ascensor, Barra estilo americano, Calentador, Cocina Integral, En conjunto cerrado, Parqueadero Visitantes, Portería / Recepción, Salón Comunal, Sobre vía principal, Trans. Público cercano, Zona Comercial, Zona Industrial;LINDO APARTAMENTO EN UN PISO 14, CON UNA VISTA HERMOSA. CONSTA DE DOS HABITACIONES CON CLOSET, 2 BAÑOS CON DUCHA, CALENTADOR A GAS, SALA COMEDOR, COCINA INTEGRAL Y SU ZONA DE LAVADO. CUENTA CON PARQUEADERO COMUNAL. EN EL CONJUNTO PROYECTO CENTRIK VIEW UBICADO EN LA CALLE 13 # 38 - 54 TORRE 2 APARTAMENTO 1406.;4,620463;-74,0977595
https://www.fincaraiz.com.co/apartamento-en-venta-en-zona-noroccidente-bogota/193168391;193168391;Apartamento;Usado;310000000;140000,0;Bellavista occidental, Bogotá, d.c.;3;64;64,0;64,0;2;2;;1 a 8 años;3,0;;Acceso Pavimentado, Barra estilo americano, Baño Auxiliar, Baño Independiente, Cerca de Zona Urbana, Citófono, Estudio, Instalación de gas, Parques cercanos, Piso en Baldosa /  Mármol, Supermercados / C.Comerciales, Trans. Público cercano;? Oportunidad de inversión en el corazón de Bellavista – BogotáCASABAL Inmobiliaria vende este acogedor y luminoso apartamento ubicado en el tradicional Barrio Bellavista, a solo unas cuadras del Alkosto de la Av. 68, el Centro Comercial Metrópolis y otros puntos de gran interés.Su ubicación estratégica ofrece excelente acceso a transporte público, cercanía a colegios, parques y principales vías, brindando comodidad y movilidad en el día a día.El apartamento se encuentra en un tercer piso (edificio sin ascensor) y cuenta con:  Amplios y acogedores espacios sociales   Excelente iluminación natural   Depósito privado Nota: El apartamento no cuenta con parqueadero propio.? Una oportunidad ideal para vivir o invertir en una zona con alta proyección.? Agende su visita hoy mismo y descubra todo el potencial que este lindo apartamento tiene para usted.;4,6784397238671;-74,089401285039
https://www.fincaraiz.com.co/apartamento-en-venta-en-san-antonio-bogota/193459941;193459941;Apartamento;Usado;340000000;55000,0;Antonio nariño, Bogotá, d.c. | San antonio de padua, Bogotá, d.c.;3;68;68,0;68,0;3;2;;1 a 8 años;4,0;4,0;;Apartamento para estrenar totalmente remodelado, pisos en porcelanato y madera laminada en habitaciónes, cocina integral con horno, dos baños con nichos , lavamanos en vidrio y con mueble, calentador a gas, iluminación natural en habitaciónes, sala  y cocina, muy acogedor, excelente vista a los cerros orientales y centro, muy buenas vías de acceso: Av, caracas , décima, primera de mayo, calle primera, carrera 24, a cuatro cuadras de estación del metro,  administración super económica, oportunidad.;4,5912515;-74,0971462
https://www.fincaraiz.com.co/apartamento-en-venta-en-santa-catalina-bogota/193350340;193350340;Apartamento;Usado;335000000;226000,0;Kennedy, Bogotá, d.c. | Santa catalina, Bogotá, d.c.;3;62;62,0;62,0;3;2;1,0;1 a 8 años;12,0;;;Apartamento en venta en Tabakú de las Américas – Piso 12Vive en las alturas y disfruta de la tranquilidad que ofrece este acogedor apartamento ubicado en el piso 12 del conjunto Tabakú de las Américas. Con vista interna, ideal para quienes buscan menos ruido y mayor privacidad, este inmueble combina comodidad y funcionalidad en cada espacio.Cuenta con 62 metros, una amplia sala–comedor con excelente iluminación natural, cocina integral funcional, zona de lavandería independiente, tres habitaciones cómodas, dos baños bien distribuidos y un parqueadero cubierto para mayor seguridad y comodidad.El conjunto residencial ofrece completas zonas comunes para toda la familia: parqueadero para visitantes, portería con vigilancia, salón comunal, zona para niños, amplias zonas verdes y acceso controlado en conjunto cerrado.Una excelente opción para vivir o invertir en una ubicación estratégica, con todo lo que necesitas en un solo lugar.¡Contáctanos!;4,6516747;-74,1415978
https://www.fincaraiz.com.co/apartamento-en-venta-en-santa-rosita-bogota/191663780;191663780;Apartamento;Usado;270000000;;Santa Rosita, Bogotá, d.c.;3;56;56,0;;3;2;;1 a 8 años;2,0;;Calentador, Colegios / Universidades, Parques cercanos, Patio, Supermercados / C.Comerciales, Trans. Público cercano, Zona de lavandería;Bonito y acogedor apartamento con excelentes acabados, ubicado en el Barrio Santa Rosita, muy cerca de la calle 72, calle 80 y del centro comercial Diver Plaza. El apartamento se encuentra en un segundo piso, cuenta con sala comedor, cocina integral, baño social con ducha, habitación principal con closet y baño privado, una habitación auxiliar con closet y otra sin closet, para un total de tres habitaciones. Además, tiene un patio de buen tamaño totalmente cubierto, con lavadero y punto para instalación de lavadora. El apartamento no dispone de parqueadero, pero su ubicación es estratégica y ofrece gran comodidad. Cerca a Colegios y parques. No se admite crédito hipotecario;4,7018775;-74,1108264
https://www.fincaraiz.com.co/apartamento-en-venta-en-nueva-castilla-bogota/193131299;193131299;Apartamento;Usado;280000000;204000,0;Kennedy, Bogotá, d.c. | Tintala, Bogotá, d.c.;3;47;47,0;47,0;2;2;1,0;1 a 8 años;;;Ascensor, Balcón, Barra estilo americano, Baño Auxiliar, Bombas de gasolina, Calentador, Planta Eléctrica, Portería / Recepción, Portería / Vigilancia, Puerta eléctrica, Salón Comunal, Servicios independientes;Se vende acogedor apartamento ubicado en el conjunto BURGOS en Nueva castilla, un sector residencial y en crecimiento y de alta valorizacion , Su distribución integral SALA COMEDOR  con cocina abierta , creando un ambiente practico y funcional.incluye garaje propio .El conjunto es tipo Club House con espacios diseñados para disfrutar con la familia , zonas verdes  , áreas  infantiles y ambiente tranquilo proyecto casi nuevo .Contactame SANDRA MUNAR COLOMBIANA DE FINCA RAIZ ***  ***;4,6543368;-74,1542708
https://www.fincaraiz.com.co/apartamento-en-venta-en-veraguas-bogota/191716308;191716308;Apartamento;Usado;320000000;162000,0;Puente aranda, Bogotá, d.c. | Veraguas, Bogotá, d.c.;3;88;88,0;;3;2;;1 a 8 años;6,0;;Calentador, Canchas Deportivas, Cerca centro comercial, Closet, Cocina Integral, Duplex, Instalación de gas, Trans. Público cercano, Vista panorámica, Zona Residencial, Área Urbana;¡Vive en el corazón de Veraguas! Descubre este espacioso y acogedor apartamento dúplex de 3 habitaciones en perfectas condiciones. Situado en el sexto piso sin ascensor, pero ofrece vistas despejadas y mayor privacidad, comodidad y un diseño, ideal para familias, listo para mudarse,  espacios amplios y bien iluminados, situado en un sector residencial, tranquilo, con fácil acceso a transporte público, cerca de zona comercial y servicios esenciales para su vivienda. No tiene parqueadero.;4,604462010136;-74,104180668529
https://www.fincaraiz.com.co/apartamento-en-venta-en-las-orquideas-bogota/192249967;192249967;Apartamento;Usado;340000000;354000,0;Usaquen, Bogotá, d.c. | Toberin, Bogotá, d.c.;3;65;65,0;65,0;2;2;1,0;1 a 8 años;2,0;;Calentador, Cocina Integral, Cocina tipo Americano, Colegios / Universidades, Instalación de gas, Loft, Supermercados / C.Comerciales, Trans. Público cercano, Zona de lavandería, Zona Residencial;Venta de apartamento en Orquídeas, un espacio moderno y acogedor, ideal para quienes buscan comodidad y una excelente ubicación. Con 65 m² muy bien distribuidos, este inmueble cuenta con dos habitaciones, dos baños completos, cocina abierta y una sala comedor integrada, perfecta para compartir momentos en familia o con amigos. Ubicado en un segundo piso exterior, ofrece excelente luz natural durante todo el día. Además, incluye parqueadero privado y se encuentra en un edificio construido en 2017, que combina estilo y funcionalidad.El apartamento está estratégicamente ubicado a pocos pasos de la Avenida 19, la Autopista Norte y la Calle 153, con fácil acceso a estaciones de TransMilenio y rutas del SITP. La zona ofrece una amplia oferta de comercio, parques y todos los servicios necesarios para una vida práctica y agradable. Su precio es de $340.000.000 y la administración mensual es de $354.000. No dejes pasar esta oportunidad de vivir en un lugar que lo tiene todo. Contáctanos y agenda tu visita hoy mismo.;4,7420673;-74,0424313
https://www.fincaraiz.com.co/apartamento-en-venta-en-fontibon-bogota/192870596;192870596;Apartamento;Usado;288000000;214000,0;La felicidad, Bogotá, d.c.;3;42;;38,0;2;2;;1 a 8 años;5,0;1,0;Ascensor, Calentador, Cocina Integral, En conjunto cerrado, Instalación de gas, Parqueadero Visitantes, Portería / Recepción, Salón Comunal, Supermercados / C.Comerciales, Vigilancia, Vivienda Multifamiliar, Zona Infantil;APARTAMENTO EN VENTA – BARRIO LA FELICIDAD, BOGOTÁUna excelente oportunidad de inversión y vivienda en el sector de mayor valorización de occidente, el Barrio La Felicidad. Ubicado en el Conjunto Residencial El Lago, este apartamento combina comodidad, diseño moderno y seguridad en un entorno con acceso a las principales vías de la ciudad.? Área: 42 m² – ubicado en el piso 5, con ventanería hacia el suroccidente que garantiza luz natural y una vista agradable.✨ Estado: excelentes terminados con un diseño arquitectónico moderno y elegante.? Distribución:•	Sala-comedor amplia e iluminada.•	Cocina integral moderna con estufa y campana extractora.•	Espacio para instalar lavadora y nevera•	Calentador a gas de paso.•	2 habitaciones con clóset.•	2 baños completos e iluminados.•	Todo el sistema de iluminación es LED. •	Piso en SPC - Resistente al agua ? Conjunto Residencial El Lago:•	Muy buen ascensor en el edificio.•	Parque infantil y zonas verdes.•	Salón comunal y zona de BBQ.•	Parqueadero comunal para residentes (sorteo trimestral).•	Parqueaderos de visitantes.•	Seguridad 24/7 con acceso controlado por chip.? Ubicación privilegiada:•	A 5 minutos del Centro Comercial Multiplaza y Hayuelos. •	Fácil acceso por Avenidas principales cercanas: Av. La Esperanza, Av. Boyacá, Calle 13 y Av. Ciudad de Cali.•	A 15–20 minutos del Aeropuerto El Dorado.;4,6581616;-74,1257741
https://www.fincaraiz.com.co/apartamento-en-venta-en-bravo-paez-bogota/192998018;192998018;Apartamento;Usado;290000000;246000,0;Rafael uribe, Bogotá, d.c. | Bravo paez, Bogotá, d.c.;3;72;;68,0;2;2;1,0;1 a 8 años;4,0;3,0;Ascensor, Balcón, Citófono, Cocina Integral, Colegios / Universidades, En conjunto cerrado, Parqueadero Visitantes, Parques cercanos, Portería / Recepción, Supermercados / C.Comerciales, Trans. Público cercano, Vigilancia;EXCELENTE APARTAMENTO  UBICADO EN EL BARRIO BRAVO PAEZ  CON ASCENSOR CITOFONO  PORTERIA 24 HORAS  COCIINA. AREA DE ROPAS,  CALENTADOR , GAS NATURAL, TERRAZA  BALCON SOLO LOS 4 tos  PISOS LA TIENEN PRECIO NEGOCIABLE.;4,5835413;-74,1166847
https://www.fincaraiz.com.co/apartamento-en-venta-en-el-tintal-bogota/193242790;193242790;Apartamento;Usado;350000000;282000,0;Kennedy, Bogotá, d.c. | Tintala, Bogotá, d.c.;3;68;68,0;68,0;3;2;1,0;1 a 8 años;18,0;1,0;Ascensor, Balcón, Barra estilo americano, Baño Auxiliar, Calentador, Cancha de Squash, Patio, Piscina, Planta Eléctrica, Portería / Recepción, Salón Comunal, Salón de Juegos;VENTA DIRECTA SIN INTERMEDIARIOSCastilla Imperial – Avenida Calle 8 #86-65 ---------- Ubicación estratégica, cerca de todo lo que necesitas: Avenida Boyacá, Avenida Ciudad de Cali, Avenida Américas y Avenida Guayacanes. Centro Comercial Tintal Plaza, Multiplaza, El Edén y Hayuelos. colegio Liceo El Castillo. Universidad Agustiniana. Homecenter, Éxito, D1, Ara y Colsubsidio. Fácil acceso a rutas SITP.imperdible en una zona en crecimiento - Apartamento con acabados modernos de alta calidad ---------- Hermoso apartamento – Amplio 68 m² – 3 alcobas con clóset, blackout y cortinas sheer screen instaladasPiso 18 – Vista increíbleLuz natural y aire fresco todo el día2 baños modernos completos (alcoba principal con baño privado)Pisos laminados en habitaciones y zona social / cerámica en cocina y baños Sala – comedor BalcónCocina integralZona de ropas independiente con tendederoPuerta principal con chapa de seguridadParqueadero privado cubierto e independiente en sótano---------- Conjunto Residencial Castilla Imperial Vigilancia 24/7 para total seguridadConjunto cerrado con amenidadesPiscina para adultos y niñosSaunaSalón de juegosDos salones socialesParque infantilParqueaderos para visitantes y de bicicletasArea CoworkingGimnasio con salones de spinning, aeróbicos y multifuerzaTerrazas de reposo y zona de BBQCancha de squashSalones de yoga y de descansoAscensoresParques cercanos---------- Información financiera:El inmueble cuenta con leasing habitacional con Bancolombia, cedible al compradorSaldo aproximado: $131 millones Tasa actual: 9% Cuota Mensual ***Meses Faltantes 104También se puede cancelar el leasing previamente para compradores con otro crédito hipotecario o pago de contado---------- Excelente oportunidad de inversión o vivienda familiar.Contacto directo – sin comisiones.;4,6469725;-74,1519477
https://www.fincaraiz.com.co/apartamento-en-venta-en-olaya-bogota/193237254;193237254;Apartamento;Usado;290000000;157400,0;Rafael uribe, Bogotá, d.c. | Quiroga, Bogotá, d.c.;3;52;52,0;45,0;3;2;;1 a 8 años;9,0;12,0;;Se vende apartamento ubicado en el barrio Centenario, localidad Rafael Uribe Uribe. Distribuido en 3 habitaciones, 2 baños, sala, comedor, cocina americana y zona de lavado. En cuanto a zonas sociales el conjunto cuenta con parqueadero comunal, bbq, salones sociales. En accesibilidad esta ubicado cerca a vías principales como Av. 1 de mayo, avenidad NQS, autopista sur, carrera 24.  PRECIO NEGOCIABLE.;4,5847793;-74,1113131
https://www.fincaraiz.com.co/apartamento-en-venta-en-florida-blanca-bogota/193388742;193388742;Apartamento;Usado;275000000;;Zarzamora, Bogotá, d.c.;3;48;48,0;48,0;2;2;1,0;1 a 8 años;;;Baño Auxiliar, Circuito cerrado de TV, Citófono, Cocina Integral, Colegios / Universidades, Estudio, Parques cercanos, Patio, Piso en Baldosa /  Mármol, Sobre vía principal, Supermercados / C.Comerciales, Trans. Público cercano;Se vende espectacular apartamento para estrenar,  ubicado en Florida Blanca, localidad de engativa de 48 mts, cuenta con 2 habitaciones con closet, 2 baños totalmente terminado, sala comedor, cocina integral con gas natural, zona de lavanderia indendiente, 1 parqueadero cubierto, Ubicado en piso 5 sin ascensor. Excelente ubicacion cerca a la av ciudad de cali, al cai de policia de La Florida. ***;4,6946152;-74,1098876
