URL;Codigo_FincaRaiz;Tipo_Inmueble;Estado;Precio_Venta;Administracion;Ubicacion;Estrato;Area_Metros;Area_Construida;Area_Privada;Habitaciones;Banos;Parqueaderos;Antiguedad;Piso_Nro;Cantidad_Pisos;Comodidades;Descripcion;Latitud;Longitud;dist_sitp;dist_tm;dist_ciclo;estrato_promedio_200m
https://www.fincaraiz.com.co/apartamento-en-venta-en-nueva-castilla-bogota/193857967;193857967,0;Apartamento;Buen estado;349000000,0;305000,0;Kennedy, Bogotá, d.c.;3,0;62,0;62,0;56,0;3,0;2,0;1,0;1 a 8 años;3,0;1,0;Ascensor, Balcón, Baño Auxiliar, Calentador, Circuito cerrado de TV, Cocina tipo Americano, Hall de Alcobas, Parqueadero Visitantes, Planta Eléctrica, Salón de Juegos, Supermercados / C.Comerciales, Trans. Público cercano;"Lindo apartamento en venta en conjunto cerrado Club house, de 62,37 M2, vista exterior y bastante iluminado. 

Ubicado en un 6to piso con acceso por ascensor, parqueadero propio cubierto y en zona de alta valorización 

Cuenta con 3 habitaciones, la principal con baño privado, sala comedor con balcón vista exterior, cocina con barra americana y cubierta a gas, campana extractora, y horno,  zona de lavandería independiente con calentador a gas. 

En sus amenidades encontramos piscina, sauna, minimaket dentro del conjunto, gimnasio, salón de juegos, salón social, zona infantil, terraza BBQ, zonas verdes, parqueadero de visitantes y vigilancia privada las 24 horas.

Fáciles vías de acceso como la Calle 8, Carrera 92, avenida ciudad de Cali. Cercano a paraderos de SITP 

Libre de gravámenes";4,653465;-74,1526534;63,909705142033175;1874,0554178347254;138,31724230269793;2,38
https://www.fincaraiz.com.co/apartamento-en-venta-en-nueva-castilla-bogota/193991982;193991982,0;Apartamento;Usado;340000000,0;;Kennedy, Bogotá, d.c.;3,0;62,0;62,0;68,0;3,0;2,0;1,0;1 a 8 años;;;Ascensor, Balcón, Baño Auxiliar, Calentador, Cerca a sector comercial, Cerca centro comercial, Instalación de gas, Parqueadero Visitantes, Piscina, Piso en Madera, Portería / Recepción, Salón Comunal;SE VENDE ..!!EXCELENTE PRECIO¡¡,apto ubicado en el conjunto Aragon Nueva castilla con un area de 62 mts privados. Con excelente vista e iluminación, puerta de seguridad, ascensor, consta de sala comedor, cocina integral abierta, zona de lavandería, 3 alcobas, con sus closets y principal con baño privado, 1 baño auxiliar, pisos laminados en su totalidad, cortinas Sheer Elegance, divisiones de baño en vidrio, parqueadero propio. El conjunto cuenta con zonas comunes como piscina, gimnasio y zona infantil, 2 salones comunales. Zona residencial. Con vías de acceso como la Avenida Guayacanes y Avenida Alsacia, cerca a la Avenida Ciudad de Cali, biblioteca el Tintal, hospital El Tintal, Homecenter, Universidad Agustiniana y Centro Comercial El Tintal. 762-546;4,6552539;-74,1546281;93,48133810242538;1988,5002880851941;426,8908986264285;2,48
https://www.fincaraiz.com.co/apartamento-en-venta-en-bravo-paez-bogota/193148628;193148628,0;Apartamento;Usado;295000000,0;262000,0;Rafael uribe, Bogotá, d.c.;3,0;58,0;58,0;51,0;2,0;2,0;1,0;1 a 8 años;3,0;6,0;Ascensor, Balcón, Barra estilo americano, Cocina Integral, Colegios / Universidades, Depósito / Bodega, Instalación de gas, Parqueadero Visitantes, Parques cercanos, Portería / Recepción, Supermercados / C.Comerciales, Terraza;Descubra este encantador apartamento que redefine la vida urbana con un equilibrio perfecto entre comodidad, estilo y ubicación. Este hermoso inmueble se distingue por su excelente iluminación natural y una amplitud generosa en cada uno de sus espacios, creando un ambiente cálido y acogedor. Disfrute de momentos de relajación y esparcimiento en su balcón privado, un espacio ideal para disfrutar de un café matutino o de la tranquilidad de la tarde.La propiedad incluye un parqueadero escriturado y un práctico depósito, ofreciendo soluciones de almacenamiento y seguridad para su vehículo y pertenencias. Las áreas comunes del edificio han sido diseñadas pensando en su bienestar y entretenimiento, ofreciendo una espectacular terraza con vistas panorámicas, una moderna zona BBQ perfecta para reuniones sociales, y un elegante salón social ideal para eventos y celebraciones.La ubicación es, sin duda, uno de sus mayores atractivos. Estratégicamente situado, este apartamento le permite disfrutar de la cercanía al reconocido Centro Comercial Centro Mayor, donde encontrará una amplia oferta de tiendas, restaurantes y entretenimiento. Además, cuenta con fácil acceso a diversas rutas del SITP, garantizando una excelente conectividad con toda la ciudad. La proximidad a supermercados, cafés y otros servicios esenciales añade un valor incalculable a su calidad de vida, permitiéndole tener todo lo que necesita a pocos pasos de su hogar. Este apartamento no es solo una vivienda, es una oportunidad para vivir la vida que siempre ha deseado en un entorno privilegiado.;4,5846865;-74,1188764;177,757406915174;992,3456444069914;537,7165725484545;3,0
https://www.fincaraiz.com.co/apartamento-en-venta-en-tintala-bogota/193990540;193990540,0;Apartamento;Usado;350000000,0;310000,0;Kennedy, Bogotá, d.c.;3,0;62,0;63,0;57,0;3,0;2,0;1,0;1 a 8 años;7,0;12,0;Ascensor, Balcón, Calentador, Citófono, Cocina Integral, Cocina tipo Americano, Planta Eléctrica, Portería / Recepción, Salón Comunal, Salón de Juegos, Sauna / Turco / Jacuzzi, Supermercados / C.Comerciales;Lindo apartamento en conjunto cerrado con Club house, de 62,63 M2, vista exterior. Ubicado en un septimo (7) piso con 3 habitaciones, 2 baños, sala comedor, amplio balcon, zona de lavanderia, parqueadero cubierto, calentador a gas. El conjunto cuenta con piscina, salon social, BBQ, sala de juntas, sauna, minimaket dentro del conjunto, gimnasio, varios parqueaderos de visitantes y vigilancia privada las 24 horas.Adicionalmente la habitacion principal y la segunda habitacion cuenta con ventanas termiacusticas. El apartamente esta libre de cualquier gravamen.;4,6531881;-74,1530805;114,09203354160363;1827,419913961755;141,16976659237667;2,69
https://www.fincaraiz.com.co/apartamento-en-venta-en-suba-salitre-bogota/193063043;193063043,0;Apartamento;Usado;270000000,0;296000,0;Suba, Bogotá, d.c.;3,0;53,0;53,0;53,0;2,0;2,0;1,0;1 a 8 años;5,0;1,0;Ascensor, Balcón, Calentador, Circuito cerrado de TV, Cocina Integral, Colegios / Universidades, Hall de Alcobas, Instalación de gas, Parques cercanos, Piso en Baldosa /  Mármol, Portería / Recepción, Supermercados / C.Comerciales;APARTAMENTO SUBA SALITRE  ? 53m2 5to piso con ascensor.   ? $270.000.000  ▶️ Consta de 2 habitaciones con closet, estudio, 2 baños, sala comedor, cocina integral, balcón y zona de lavado.  ? Parqueadero cubierto propio y depósito.  ☑️ Estrato 3, se pagan $296.000 de administración. Edificio residencial con solo 4 años de construcción, vigilancia 24/7.  ?️ Sobre calle 158, cerca a carrera 92 y de la calle 170, Av. Boyacá, via Suba/Cota, parques, colegios, almacenes D1, Olimpica, Ara, Oxxo, Dollar City, etc.;4,7547437510922;-74,080278490729;13,196507536291701;1783,5787820504481;398,1126215888032;2,88
https://www.fincaraiz.com.co/apartamento-en-venta-en-el-tintal-bogota/193270784;193270784,0;Apartamento;Usado;333000000,0;214944,0;Kennedy, Bogotá, d.c.;3,0;61,0;61,0;61,0;3,0;2,0;1,0;1 a 8 años;11,0;12,0;Ascensor, Balcón, Barra estilo americano, Baño Auxiliar, Calentador, Canchas Deportivas, Instalación de gas, Parques cercanos, Piscina, Piso en Baldosa /  Mármol, Portería / Recepción, Salón Comunal;Descubre este elegante apartamento en venta, en el exclusivo Conjunto Residencial aragon de castilla reservado, ubicado en uno de los sectores de mayor desarrollo y valorización del occidente de Bogota , ofrece un diseño moderno y funcional, ideal para quienes buscan calidad de vida en la ciudad, apartamento  de tres habitaciones amplias, 2 baños, cocina equipada y una bonita e iluminada zona social. Este luminoso apartamento destaca por sus acabados de alta calidad, cada detalle ha sido cuidadosamente seleccionado para ofrecer un ambiente de lujo y confort Una excelente inversión con  parqueadero cubierto.;4,6556576;-74,1547126;102,3331387749908;2029,1981317366378;468,5934832305198;2,36
https://www.fincaraiz.com.co/apartamento-en-venta-en-usaquen-bogota/193965000;193965000,0;Apartamento;Usado;318000000,0;349177,0;Usaquen, Bogotá, d.c.;3,0;50,0;50,0;47,0;2,0;2,0;1,0;1 a 8 años;4,0;;Ascensor, Balcón, Barra estilo americano, Baño Auxiliar, Baño Independiente, Calentador, Garaje(s), Hall de Alcobas, Instalación de gas, Parques cercanos, Portería / Recepción, Salón Comunal;"Apartamento en venta en Verbenal, Terrazze Park 183, área de 50m2, con vista exterior, ubicado en un 4to piso, acceso por ascensor, parqueadero propio. Consta de 3 habitaciones, 2 baños, sala comedor, cocina integral y zona de lavandería. El conjunto cuenta con salón comunal, Gimnasio, zona para niños, zonas verdes y vigilancia privada las 24 horas. Cerca a centros comercial Santa Fé; cerca a almacenes de cadena como Jumbo, D1 y Ara; cerca a colegios Giovanni Pascoli y Aquileo Parra; cerca a universidad de San Buenaventura; cerca a estación de Transmilenio Portal Norte; vías de acceso por la Autopista Norte y Calle 183. Mayor información: Giovanni Fonseca/ Foncasa Inmobiliaria.";4,7606821;-74,0294455;70,2954165403516;1689,5616976807235;48,47042408292518;2,7
https://www.fincaraiz.com.co/apartamento-en-venta-en-tibabita-bogota/193998706;193998706,0;Apartamento;Buen estado;330000000,0;421000,0;Usaquen, Bogotá, d.c.;3,0;56,0;56,0;52,0;2,0;2,0;1,0;1 a 8 años;4,0;1,0;Ascensor, Balcón, Gimnasio, Parques cercanos;"Se vende apartamento en el barrio Tibabita, ubicado en un sector residencial tranquilo y consolidado al norte de Bogotá, ideal para vivienda familiar o inversión.
Cuenta con una excelente ubicación sobre la Carrera 8, con acceso inmediato a comercio de apoyo como tiendas, minimercados, ferreterías y servicios esenciales que facilitan el día a día.
El inmueble se encuentra a pocos pasos de importantes instituciones educativas como el Liceo Psicopedagógico Tibabita (Cra 8 #190-14), que ofrece formación desde preescolar hasta bachillerato, además de otros colegios cercanos en el sector, lo que lo convierte en una excelente opción para familias. (⁠Educadvisor)
Adicionalmente, cuenta con cercanía a la Parroquia San Luis de Tolosa (Calle 191 #8-30), un importante referente del sector, así como otras iglesias y equipamientos religiosos cercanos. (⁠psanluisdetolosa.arquibogota.org.co)
Su ubicación estratégica permite fácil acceso a vías principales como la Calle 190 y la Carrera Séptima, brindando buena movilidad y conexión con el resto de la ciudad.
Una excelente oportunidad de inversión en una zona con crecimiento, valorización y alta demanda por su entorno residencial y cercanía a servicios.
Contáctanos para más información y agenda tu visita.";4,7671293;-74,0287185;41,219729467196984;1658,4181781897857;125,64954595829167;2,86
https://www.fincaraiz.com.co/apartamento-en-venta-en-restrepo-occidental-bogota/193088566;193088566,0;Apartamento;Usado;330000000,0;304000,0;Antonio nariño, Bogotá, d.c.;3,0;55,0;55,0;;2,0;2,0;1,0;1 a 8 años;4,0;1,0;Ascensor, Balcón, Baño Auxiliar, Citófono, Cocina Integral, Colegios / Universidades, Portería / Recepción, Salón Comunal, Sobre vía principal, Supermercados / C.Comerciales, Terraza, Trans. Público cercano;Apartamento ubicado en el Barrio Restrepo, en el Edicio Montearroyo en frente del colegio Guillermo Leon Valencia, el edificio cuenta con recepción, salón social, ascensor, área de terraza y shut de basuras en cada piso. El apartamento está ubicado en el cuarto piso, consta de sala, comedor, cocina integral, zona de ropas, dos habitaciones, dos baños (la habitación prinicipal tiene baño dentro de la habitación), balcón con vista exterior y parqueadero propio el cual tiene capacidad para guardar un carro y una moto. El sector cuenta con muy buena conectividad y vias de acceso las cuales quedan a pocos minutos, como la Avenida Caracas, la Avenida 1° de Mayo, la Carrera 24 y la Avenida Ciudad de Quito (Cra 30), queda cerca de la Plaza de Mercado del Restrepo y la Iglesia de la Valvanera, adicional tiene todo el comercio muy cerca como Bancos, Notarias, Ventanilla de movilidad, Almacenes de cadena, tiendas y demás. Cel ***3002967088;4,5890933384102;-74,101903788112;173,5707821184548;731,5730970069935;242,77118065232844;3,0
https://www.fincaraiz.com.co/apartamento-en-venta-en-nueva-castilla-bogota/193131299;193131299,0;Apartamento;Usado;280000000,0;204000,0;Kennedy, Bogotá, d.c.;3,0;47,0;47,0;47,0;2,0;2,0;1,0;1 a 8 años;;;Ascensor, Balcón, Barra estilo americano, Baño Auxiliar, Bombas de gasolina, Calentador, Planta Eléctrica, Portería / Recepción, Portería / Vigilancia, Puerta eléctrica, Salón Comunal, Servicios independientes;Se vende acogedor apartamento ubicado en el conjunto BURGOS en Nueva castilla, un sector residencial y en crecimiento y de alta valorizacion , Su distribución integral SALA COMEDOR  con cocina abierta , creando un ambiente practico y funcional.incluye garaje propio .El conjunto es tipo Club House con espacios diseñados para disfrutar con la familia , zonas verdes  , áreas  infantiles y ambiente tranquilo proyecto casi nuevo .Contactame SANDRA MUNAR COLOMBIANA DE FINCA RAIZ ***  ***;4,6543368;-74,1542708;53,54424872838098;1902,2341818545415;321,4312193328565;2,81
https://www.fincaraiz.com.co/apartamento-en-venta-en-santander-bogota/193634143;193634143,0;Apartamento;Usado;280000000,0;134000,0;Antonio nariño, Bogotá, d.c.;3,0;42,0;42,0;;2,0;2,0;;1 a 8 años;;;Ascensor, Balcón, Barra estilo americano, Baño Auxiliar, Calentador, Circuito cerrado de TV, Parqueadero Visitantes, Parques cercanos, Piso en Baldosa /  Mármol, Portería / Recepción, Salón Comunal, Supermercados / C.Comerciales;✨Espectacular Apartamento en Venta✨✅ La Fragua - Restrepo✅ Sala - Comedor con balcón ✅ Cocina integral moderna y funcional✅ 2 Habitaciones✅ 2 Baños✅ Zona de lavandería✅ Iluminación natural todo el día✅ Vista exterior y ambiente tranquilo✅ Piso en cerámica y madera laminada✅ Área: 42 m² – Estrato 3✅ Vista interior✅ Parqueadero Comunal✅ $ ***✅ WhatsApp ***✨Zonas comunes y servicios✨✅ Conjunto con vigilancia 24 horas✅ Salón social✅ Parqueaderos de visitantes✅ Gimnasio✅ Zona infantil✅ Está ubicado cerca de la Avenida Primera de Mayo - Autopista Sur y Carrera 27.✅ Cerca del Centro Comercial Centro Mayor, supermercado D1 - Ara y Surtimax.;4,5931651;-74,1080737;120,61377446085547;545,4501447132735;353,5636079780358;3,0
https://www.fincaraiz.com.co/apartamento-en-venta-en-lijaca-bogota/193194469;193194469,0;Apartamento;Usado;275000000,0;220000,0;Usaquen, Bogotá, d.c.;3,0;44,0;44,0;44,0;3,0;2,0;1,0;1 a 8 años;16,0;;Ascensor, Balcón, Baño Auxiliar, Calentador, Circuito cerrado de TV, Citófono, Parques cercanos, Piso en Baldosa /  Mármol, Portería / Recepción, Salón Comunal, Sobre vía principal, Supermercados / C.Comerciales;Descubra este excepcional apartamento estratégicamente ubicado en el codiciado norte de Bogotá, ofreciendo una combinación perfecta de comodidad y estilo de vida urbano. Disfrute de la facilidad de acceso al transporte público y déjese cautivar por una hermosa vista panorámica de la ciudad que transformará cada día. Este luminoso inmueble cuenta con tres habitaciones, dos baños completos, una  sala comedor que se extiende hacia un encantador balcón, y una practica cocina con zona de ropas. Su privilegiada ubicación esquinera dentro del edificio garantiza una inmejorable iluminación natural durante todo el día, creando ambientes cálidos y acogedores. Una oportunidad única para vivir en un espacio diseñado para su bienestar. Precio negociable, se escuchan propuestas.;4,7619083;-74,027158;37,97822999445967;1924,129507140133;24,350752659148313;2,97
https://www.fincaraiz.com.co/apartamento-en-venta-en-lijaca-bogota/193833920;193833920,0;Apartamento;Usado;265000000,0;320000,0;Usaquen, Bogotá, d.c.;3,0;50,0;50,0;50,0;2,0;2,0;1,0;1 a 8 años;2,0;;Ascensor, Balcón, Calentador, Circuito cerrado de TV, Citófono, Cocina Integral, Instalación de gas, Parqueadero Visitantes, Parques cercanos, Planta Eléctrica, Salón Comunal, Supermercados / C.Comerciales;Magnifico  apartamento  exterior  en segundo  con ascensor, consta de dos habitaciones la principal con baño, dos baños,sala comedor con balcon,estudio,zona de lavandería,  cocina integral abierta, un garaje y depósito. El edificio  cuenta  con Gimnasio,salon social,bicicletero,parque infantil. PRECIO NEGOCIABLE;4,7639575;-74,0295504;61,84519505521614;1645,8427609093887;199,46084289098076;2,87
https://www.fincaraiz.com.co/apartamento-en-venta-en-bravo-paez-bogota/192998018;192998018,0;Apartamento;Usado;290000000,0;246000,0;Rafael uribe, Bogotá, d.c.;3,0;72,0;;68,0;2,0;2,0;1,0;1 a 8 años;4,0;3,0;Ascensor, Balcón, Citófono, Cocina Integral, Colegios / Universidades, En conjunto cerrado, Parqueadero Visitantes, Parques cercanos, Portería / Recepción, Supermercados / C.Comerciales, Trans. Público cercano, Vigilancia;EXCELENTE APARTAMENTO  UBICADO EN EL BARRIO BRAVO PAEZ  CON ASCENSOR CITOFONO  PORTERIA 24 HORAS  COCIINA. AREA DE ROPAS,  CALENTADOR , GAS NATURAL, TERRAZA  BALCON SOLO LOS 4 tos  PISOS LA TIENEN PRECIO NEGOCIABLE.;4,5835413;-74,1166847;130,03533809333058;787,0757387776623;783,7485232248405;3,0
https://www.fincaraiz.com.co/apartamento-en-venta-en-fontanar-del-rio-bogota/193634038;193634038,0;Apartamento;Usado;255000000,0;160000,0;Suba, Bogotá, d.c.;3,0;56,0;56,0;;3,0;2,0;;1 a 8 años;15,0;;Ascensor, Balcón, Barra estilo americano, Calentador, Circuito cerrado de TV, Citófono, Parques cercanos, Piscina, Piso en Baldosa /  Mármol, Planta Eléctrica, Portería / Recepción, Salón Comunal;*$255,000,000*Precio con descuento $246 MM  (Con financiación directa hasta el 80% Empleados)SUBA fontanar del Río Kr 145 150Piso 1558m²3 Hab.2 Baños.Balcón Parqueadero Comunal Ascensor Estrato 3Antigüedad 9 añosPiscina Gimnasio Cancha múltiple;4,7578377;-74,1160748;119,43090829687432;2707,869795796814;376,3877308558225;2,3
https://www.fincaraiz.com.co/apartamento-en-venta-en-tintala-bogota/193975310;193975310,0;Apartamento;Usado;330000000,0;240000,0;Kennedy, Bogotá, d.c.;3,0;52,0;52,0;49,0;3,0;2,0;1,0;1 a 8 años;6,0;;Acceso Pavimentado, Asador, Ascensor, Balcón, Barra estilo americano, Baño Independiente, Hall de Alcobas, Instalación de gas, Parqueadero Visitantes, Piscina, Portería / Recepción, Supermercados / C.Comerciales;KENNEDY / NUEVA CASTILLA / $330 MILLONES. *Fotos de referencia sala de ventas. Espectacular apartamento en venta CONJUNTO BURGOS CASTILLA RESERVADO, 7 años de antiguedad, parqueadero cubierto. El apartamento está ubicado en el piso 4, vista interna, 3 habitaciones con closet, sala comedor, cocina tipo americano, zona de lavandería independiente. El conjunto cuenta con piscinas, gimnasio, 2 salones sociales, parque infantíl, zona BBQ, bicicleteros, terraza, vigilancia 24 horas. Vías de acceso, Av Guayacanes, Av Cali, Cll 8, cercanía a centros comerciales como El Tintal, El Eden, Hayuelos y Mutiplaza, cercanía a Biblioteca El Tintal, hospital del tintal.;4,6543368;-74,1542708;53,54424872838098;1902,2341818545415;321,4312193328565;2,81
https://www.fincaraiz.com.co/apartamento-en-venta-en-lijaca-bogota/193298320;193298320,0;Apartamento;Usado;350000000,0;450000,0;Usaquen, Bogotá, d.c.;3,0;67,0;67,0;;3,0;2,0;1,0;1 a 8 años;3,0;1,0;Ascensor, Balcón, Barra estilo americano, Baño Auxiliar, Citófono, Cocina Integral, Depósito / Bodega, Garaje(s), Hall de Alcobas, Instalación de gas, Parques cercanos, Supermercados / C.Comerciales;Descubra este encantador apartamento en el Edificio 189PLUS (Muy importante tener en cuenta que es Torre No Conjunto Cerrado) de 67 m², estratégicamente ubicado en un tercer piso, que ofrece un estilo de vida moderno y conveniente. Este luminoso hogar cuenta con una distribución de  2 baños completos, 3 confortables habitaciones, una espaciosa sala comedor ideal para el entretenimiento, y una cocina integral que invita a la creatividad culinaria. Disfrute de momentos de relajación en su balcón privado. El edificio, completamente sistematizado, garantiza seguridad y eficiencia, y cuenta con ascensor para su comodidad. Además, la propiedad incluye un parqueadero y un práctico depósito en el sótano. Administración al año presente tiene un costo de $413.000 con pronto pago antes del 10 de cada mes, administración plena $474.600.La ubicación es inmejorable, rodeada de prestigiosos centros comerciales como Santa Fe, Multiplaza 183 y Plaza Norte, así como supermercados D1 y ARA para sus compras diarias. La oferta educativa es excepcional, con colegios de renombre como el Colegio Unión Colombia, el Colegio Aquileo Parra (IED) y el Mutis School a pocos minutos. Para la educación superior, también podrá movilizarse fácilmente a  la Universidad de San Buenaventura (Sede Norte), la Universidad de la Salle (Sede Norte) y la Universidad El Bosque (ubicada más al sur por la Av. Carrera 9). La cercanía a hospitales y clínicas garantiza tranquilidad. Disfrute de la naturaleza en los parques cercanos como Parque Andalucía Usaquén, Parque San Antonio Verbenal y Parque El Verbenal. La conectividad es excelente, con la estación de Transmilenio Calle 187 y paradas de SITP a poca distancia, y fácil acceso a importantes vías como la Avenida Carrera 7, Autopista Norte, Avenida Carrera 9 y Calle 183 (Av. San Antonio). Este apartamento es la combinación perfecta de confort, ubicación y accesibilidad.;4,7662823;-74,0304019;48,61614933060997;1487,790048672893;86,0937846626767;3,13
